{"assets/Ministerio.PNG":["assets/Ministerio.PNG"],"assets/a.png":["assets/a.png"],"assets/agregar.png":["assets/agregar.png"],"assets/barcode_48x48.png":["assets/barcode_48x48.png"],"assets/buscar_032_032_enfocar.png":["assets/buscar_032_032_enfocar.png"],"assets/buscar_48x48.png":["assets/buscar_48x48.png"],"assets/camara_lente_x32.png":["assets/camara_lente_x32.png"],"assets/camara_x_32.png":["assets/camara_x_32.png"],"assets/cancelar_032_032.png":["assets/cancelar_032_032.png"],"assets/candado.png":["assets/candado.png"],"assets/captura1.png":["assets/captura1.png"],"assets/captura2.png":["assets/captura2.png"],"assets/captura3.png":["assets/captura3.png"],"assets/captura4.png":["assets/captura4.png"],"assets/captura5.png":["assets/captura5.png"],"assets/captura6.png":["assets/captura6.png"],"assets/captura7.png":["assets/captura7.png"],"assets/download.png":["assets/download.png"],"assets/eliminar.png":["assets/eliminar.png"],"assets/flechaazul.png":["assets/flechaazul.png"],"assets/flechaderecha.png":["assets/flechaderecha.png"],"assets/flechaizquierda.png":["assets/flechaizquierda.png"],"assets/guardar.png":["assets/guardar.png"],"assets/icono_bitacora.png":["assets/icono_bitacora.png"],"assets/icono_tayta_asistencia_tecnica.png":["assets/icono_tayta_asistencia_tecnica.png"],"assets/icono_tayta_campana_salud.png":["assets/icono_tayta_campana_salud.png"],"assets/icono_tayta_capacitacion.png":["assets/icono_tayta_capacitacion.png"],"assets/icono_tayta_contacto_referencia.png":["assets/icono_tayta_contacto_referencia.png"],"assets/icono_tayta_dialogo_saberes.png":["assets/icono_tayta_dialogo_saberes.png"],"assets/icono_tayta_encuentro_magico.png":["assets/icono_tayta_encuentro_magico.png"],"assets/icono_tayta_encuentro_saberes.png":["assets/icono_tayta_encuentro_saberes.png"],"assets/icono_tayta_inicio_fin_actividades.png":["assets/icono_tayta_inicio_fin_actividades.png"],"assets/icono_tayta_procesar_padron.png":["assets/icono_tayta_procesar_padron.png"],"assets/icono_tayta_punto_pago.png":["assets/icono_tayta_punto_pago.png"],"assets/icono_tayta_registro_saberes.png":["assets/icono_tayta_registro_saberes.png"],"assets/icono_tayta_reporte_consolidado_individual.png":["assets/icono_tayta_reporte_consolidado_individual.png"],"assets/icono_tayta_reporte_usuarios.png":["assets/icono_tayta_reporte_usuarios.png"],"assets/icono_tayta_situaciones_riesgo.png":["assets/icono_tayta_situaciones_riesgo.png"],"assets/icono_tayta_tarjetizacion.png":["assets/icono_tayta_tarjetizacion.png"],"assets/icono_tayta_transmision_intergeneracional.png":["assets/icono_tayta_transmision_intergeneracional.png"],"assets/icono_tayta_visita_colectiva.png":["assets/icono_tayta_visita_colectiva.png"],"assets/icono_tayta_visita_presencial.png":["assets/icono_tayta_visita_presencial.png"],"assets/icono_tayta_visita_remota.png":["assets/icono_tayta_visita_remota.png"],"assets/info.png":["assets/info.png"],"assets/loginLogo.png":["assets/loginLogo.png"],"assets/logo_tayta.png":["assets/logo_tayta.png"],"assets/midislogo.png":["assets/midislogo.png"],"assets/notas.txt":["assets/notas.txt"],"assets/p65.PNG":["assets/p65.PNG"],"assets/portafolio_48x48.png":["assets/portafolio_48x48.png"],"assets/procesar_48x48.png":["assets/procesar_48x48.png"],"assets/progreso.png":["assets/progreso.png"],"assets/prueba.png":["assets/prueba.png"],"assets/radar_inactivo_48x48.png":["assets/radar_inactivo_48x48.png"],"assets/refrescar_32x_32.png":["assets/refrescar_32x_32.png"],"assets/refresh_48x48.png":["assets/refresh_48x48.png"],"assets/sateliteverde.png":["assets/sateliteverde.png"],"assets/splash.jpg":["assets/splash.jpg"],"assets/ubicacion_x32_02.png":["assets/ubicacion_x32_02.png"],"packages/cupertino_icons/assets/CupertinoIcons.ttf":["packages/cupertino_icons/assets/CupertinoIcons.ttf"],"packages/flutter_map/lib/assets/flutter_map_logo.png":["packages/flutter_map/lib/assets/flutter_map_logo.png"]}