<?xml version="1.0" encoding="UTF-8"?>
<root>
  <item name="com.lyokone.location.location.providers.locationprovider.DefaultLocationProvider void onLocationFailed(int) 0">
    <annotation name="androidx.annotation.IntDef">
      <val name="value" val="{com.lyokone.location.location.constants.FailType.UNKNOWN, com.lyokone.location.location.constants.FailType.TIMEOUT, com.lyokone.location.location.constants.FailType.PERMISSION_DENIED, com.lyokone.location.location.constants.FailType.NETWORK_NOT_AVAILABLE, com.lyokone.location.location.constants.FailType.GOOGLE_PLAY_SERVICES_NOT_AVAILABLE, com.lyokone.location.location.constants.FailType.GOOGLE_PLAY_SERVICES_SETTINGS_DIALOG, com.lyokone.location.location.constants.FailType.GOOGLE_PLAY_SERVICES_SETTINGS_DENIED, com.lyokone.location.location.constants.FailType.VIEW_DETACHED, com.lyokone.location.location.constants.FailType.VIEW_NOT_REQUIRED_TYPE}" />
    </annotation>
  </item>
  <item name="com.lyokone.location.location.providers.locationprovider.GooglePlayServicesLocationProvider void failed(int) 0">
    <annotation name="androidx.annotation.IntDef">
      <val name="value" val="{com.lyokone.location.location.constants.FailType.UNKNOWN, com.lyokone.location.location.constants.FailType.TIMEOUT, com.lyokone.location.location.constants.FailType.PERMISSION_DENIED, com.lyokone.location.location.constants.FailType.NETWORK_NOT_AVAILABLE, com.lyokone.location.location.constants.FailType.GOOGLE_PLAY_SERVICES_NOT_AVAILABLE, com.lyokone.location.location.constants.FailType.GOOGLE_PLAY_SERVICES_SETTINGS_DIALOG, com.lyokone.location.location.constants.FailType.GOOGLE_PLAY_SERVICES_SETTINGS_DENIED, com.lyokone.location.location.constants.FailType.VIEW_DETACHED, com.lyokone.location.location.constants.FailType.VIEW_NOT_REQUIRED_TYPE}" />
    </annotation>
  </item>
  <item name="com.lyokone.location.location.providers.locationprovider.GooglePlayServicesLocationProvider void settingsApiFail(int) 0">
    <annotation name="androidx.annotation.IntDef">
      <val name="value" val="{com.lyokone.location.location.constants.FailType.UNKNOWN, com.lyokone.location.location.constants.FailType.TIMEOUT, com.lyokone.location.location.constants.FailType.PERMISSION_DENIED, com.lyokone.location.location.constants.FailType.NETWORK_NOT_AVAILABLE, com.lyokone.location.location.constants.FailType.GOOGLE_PLAY_SERVICES_NOT_AVAILABLE, com.lyokone.location.location.constants.FailType.GOOGLE_PLAY_SERVICES_SETTINGS_DIALOG, com.lyokone.location.location.constants.FailType.GOOGLE_PLAY_SERVICES_SETTINGS_DENIED, com.lyokone.location.location.constants.FailType.VIEW_DETACHED, com.lyokone.location.location.constants.FailType.VIEW_NOT_REQUIRED_TYPE}" />
    </annotation>
  </item>
</root>

