<?xml version="1.0" encoding="UTF-8"?>
<root>
  <item name="com.lyokone.location.location.base.LocationBaseActivity void onProcessTypeChanged(int) 0">
    <annotation name="androidx.annotation.IntDef">
      <val name="value" val="{com.lyokone.location.location.constants.ProcessType.ASKING_PERMISSIONS, com.lyokone.location.location.constants.ProcessType.GETTING_LOCATION_FROM_GOOGLE_PLAY_SERVICES, com.lyokone.location.location.constants.ProcessType.GETTING_LOCATION_FROM_GPS_PROVIDER, com.lyokone.location.location.constants.ProcessType.GETTING_LOCATION_FROM_NETWORK_PROVIDER, com.lyokone.location.location.constants.ProcessType.GETTING_LOCATION_FROM_CUSTOM_PROVIDER}" />
    </annotation>
  </item>
  <item name="com.lyokone.location.location.base.LocationBaseService void onProcessTypeChanged(int) 0">
    <annotation name="androidx.annotation.IntDef">
      <val name="value" val="{com.lyokone.location.location.constants.ProcessType.ASKING_PERMISSIONS, com.lyokone.location.location.constants.ProcessType.GETTING_LOCATION_FROM_GOOGLE_PLAY_SERVICES, com.lyokone.location.location.constants.ProcessType.GETTING_LOCATION_FROM_GPS_PROVIDER, com.lyokone.location.location.constants.ProcessType.GETTING_LOCATION_FROM_NETWORK_PROVIDER, com.lyokone.location.location.constants.ProcessType.GETTING_LOCATION_FROM_CUSTOM_PROVIDER}" />
    </annotation>
  </item>
  <item name="com.lyokone.location.location.base.SimpleLocationListener void onProcessTypeChanged(int) 0">
    <annotation name="androidx.annotation.IntDef">
      <val name="value" val="{com.lyokone.location.location.constants.ProcessType.ASKING_PERMISSIONS, com.lyokone.location.location.constants.ProcessType.GETTING_LOCATION_FROM_GOOGLE_PLAY_SERVICES, com.lyokone.location.location.constants.ProcessType.GETTING_LOCATION_FROM_GPS_PROVIDER, com.lyokone.location.location.constants.ProcessType.GETTING_LOCATION_FROM_NETWORK_PROVIDER, com.lyokone.location.location.constants.ProcessType.GETTING_LOCATION_FROM_CUSTOM_PROVIDER}" />
    </annotation>
  </item>
</root>

