<?xml version="1.0" encoding="UTF-8"?>
<root>
  <item name="com.lyokone.location.location.constants.FailType">
    <annotation name="androidx.annotation.IntDef">
      <val name="value" val="{com.lyokone.location.location.constants.FailType.UNKNOWN, com.lyokone.location.location.constants.FailType.TIMEOUT, com.lyokone.location.location.constants.FailType.PERMISSION_DENIED, com.lyokone.location.location.constants.FailType.NETWORK_NOT_AVAILABLE, com.lyokone.location.location.constants.FailType.GOOGLE_PLAY_SERVICES_NOT_AVAILABLE, com.lyokone.location.location.constants.FailType.GOOGLE_PLAY_SERVICES_SETTINGS_DIALOG, com.lyokone.location.location.constants.FailType.GOOGLE_PLAY_SERVICES_SETTINGS_DENIED, com.lyokone.location.location.constants.FailType.VIEW_DETACHED, com.lyokone.location.location.constants.FailType.VIEW_NOT_REQUIRED_TYPE}" />
    </annotation>
  </item>
  <item name="com.lyokone.location.location.constants.ProcessType">
    <annotation name="androidx.annotation.IntDef">
      <val name="value" val="{com.lyokone.location.location.constants.ProcessType.ASKING_PERMISSIONS, com.lyokone.location.location.constants.ProcessType.GETTING_LOCATION_FROM_GOOGLE_PLAY_SERVICES, com.lyokone.location.location.constants.ProcessType.GETTING_LOCATION_FROM_GPS_PROVIDER, com.lyokone.location.location.constants.ProcessType.GETTING_LOCATION_FROM_NETWORK_PROVIDER, com.lyokone.location.location.constants.ProcessType.GETTING_LOCATION_FROM_CUSTOM_PROVIDER}" />
    </annotation>
  </item>
  <item name="com.lyokone.location.location.constants.ProviderType">
    <annotation name="androidx.annotation.IntDef">
      <val name="value" val="{com.lyokone.location.location.constants.ProviderType.NONE, com.lyokone.location.location.constants.ProviderType.GOOGLE_PLAY_SERVICES, com.lyokone.location.location.constants.ProviderType.GPS, com.lyokone.location.location.constants.ProviderType.NETWORK, com.lyokone.location.location.constants.ProviderType.DEFAULT_PROVIDERS}" />
    </annotation>
  </item>
</root>

